<?xml version="1.0" encoding="UTF-8"?>
<beans xmlns="http://www.springframework.org/schema/beans"
       xmlns:xsi="http://www.w3.org/2001/XMLSchema-instance"
       xmlns:context="http://www.springframework.org/schema/context"
       xmlns:tx="http://www.springframework.org/schema/tx"
       xmlns:aop="http://www.springframework.org/schema/aop"
       xsi:schemaLocation="http://www.springframework.org/schema/beans
          http://www.springframework.org/schema/beans/spring-beans.xsd
          http://www.springframework.org/schema/mvc
          http://www.springframework.org/schema/mvc/spring-mvc.xsd
          http://www.springframework.org/schema/tx
          http://www.springframework.org/schema/tx/spring-tx-3.0.xsd
          http://www.springframework.org/schema/context
          http://www.springframework.org/schema/context/spring-context.xsd
          http://www.springframework.org/schema/aop  
          http://www.springframework.org/schema/aop/spring-aop-3.2.xsd">

    <bean id="io" class="com.sg.flooringmastery.view.UserIOConsoleImpl"/>
    <bean id="decode" class="com.sg.flooringmastery.view.UserIODecodeImpl"/>
     
    <bean id="view" class="com.sg.flooringmastery.view.FlooringMasteryView">
        <constructor-arg ref="io" />
        <constructor-arg ref="decode"/>
    </bean>

    <bean id="orderDao" class="com.sg.flooringmastery.dao.FlooringMasteryOrderDaoImpl">
        <constructor-arg value="Backup/DataExport.txt"/>
        <constructor-arg value="Orders/"/>
    </bean>
    <bean id="productDao" class="com.sg.flooringmastery.dao.FlooringMasteryProductDaoImpl">
         <constructor-arg value="Data/Products/Products.txt"/> 
    </bean>
    <bean id="taxDao" class="com.sg.flooringmastery.dao.FlooringMasteryTaxDaoImpl">
         <constructor-arg value="Data/Taxes/Taxes.txt"/> 
    </bean>

    <bean id="service" class="com.sg.flooringmastery.service.FlooringMasteryServiceImpl">
        <constructor-arg ref="orderDao"/>
        <constructor-arg ref="productDao"/>
        <constructor-arg ref="taxDao"/>
    </bean>

    <bean id="controller" class="com.sg.flooringmastery.controller.FlooringMasteryController">
        <constructor-arg ref="service" />
        <constructor-arg ref="view" />
    </bean>

</beans>